[{
  "_id": "cat001",
  "nombre": "Comida mexicana",
  "descripcion": "Tacos, enchiladas, pozole, etc."
},
{
  "_id": "cat002",
  "nombre": "Japonesa",
  "descripcion": "Sushi, ramen y más."
},
{
  "_id": "cat003",
  "nombre": "Italiana",
  "descripcion": "Pizzas, pastas, lasañas."
},
{
  "_id": "cat004",
  "nombre": "Vegana",
  "descripcion": "Comida sin productos de origen animal."
},
{
  "_id": "cat005",
  "nombre": "Comida rápida",
  "descripcion": "Hamburguesas, papas fritas y más."
},
{
  "_id": "cat006",
  "nombre": "Mariscos",
  "descripcion": "Pescado, camarones y especialidades del mar."
},
{
  "_id": "cat007",
  "nombre": "Carne asada",
  "descripcion": "Cortes de carne al carbón."
},
{
  "_id": "cat008",
  "nombre": "Cafetería",
  "descripcion": "Café, repostería, desayunos ligeros."
},
{
  "_id": "cat009",
  "nombre": "Panadería",
  "descripcion": "Pan dulce y salado artesanal."
},
{
  "_id": "cat010",
  "nombre": "Yucateca",
  "descripcion": "Sopa de lima, cochinita pibil, etc."
},
{
  "_id": "cat011",
  "nombre": "Hindú",
  "descripcion": "Curry, naan, platos especiados."
},
{
  "_id": "cat012",
  "nombre": "Francesa",
  "descripcion": "Croissants, baguettes, comida gourmet."
},
{
  "_id": "cat013",
  "nombre": "Internacional",
  "descripcion": "Comida variada de distintas culturas."
},
{
  "_id": "cat014",
  "nombre": "Desayunos",
  "descripcion": "Huevos, molletes, pan francés, etc."
},
{
  "_id": "cat015",
  "nombre": "Coreana",
  "descripcion": "Bibimbap, bulgogi, kimchi."
}]