[{
  "_id": "res001",
  "nombre": "La Parrilla del Sur",
  "direccion": "CDMX",
  "categoria": "Comida mexicana",
  "geolocalizacion": {
    "lat": 19.43,
    "lng": -99.13
  },
  "calificacion_promedio": 4.6
},
{
  "_id": "res002",
  "nombre": "Sushi Express",
  "direccion": "Guadalajara",
  "categoria": "Japonesa",
  "geolocalizacion": {
    "lat": 20.67,
    "lng": -103.35
  },
  "calificacion_promedio": 4.2
},
{
  "_id": "res003",
  "nombre": "Pizzería Nápoles",
  "direccion": "Monterrey",
  "categoria": "Italiana",
  "geolocalizacion": {
    "lat": 25.67,
    "lng": -100.31
  },
  "calificacion_promedio": 4.8
},
{
  "_id": "res004",
  "nombre": "Green Bowl",
  "direccion": "CDMX",
  "categoria": "Vegana",
  "geolocalizacion": {
    "lat": 19.42,
    "lng": -99.14
  },
  "calificacion_promedio": 4.3
},
{
  "_id": "res005",
  "nombre": "Burger City",
  "direccion": "Puebla",
  "categoria": "Comida rápida",
  "geolocalizacion": {
    "lat": 19.04,
    "lng": -98.2
  },
  "calificacion_promedio": 4.1
},
{
  "_id": "res006",
  "nombre": "Casa del Mar",
  "direccion": "Cancún",
  "categoria": "Mariscos",
  "geolocalizacion": {
    "lat": 21.16,
    "lng": -86.85
  },
  "calificacion_promedio": 4.7
},
{
  "_id": "res007",
  "nombre": "Asadero Norteño",
  "direccion": "Hermosillo",
  "categoria": "Carne asada",
  "geolocalizacion": {
    "lat": 29.07,
    "lng": -110.95
  },
  "calificacion_promedio": 4.4
},
{
  "_id": "res008",
  "nombre": "Café Cultural",
  "direccion": "Querétaro",
  "categoria": "Cafetería",
  "geolocalizacion": {
    "lat": 20.59,
    "lng": -100.38
  },
  "calificacion_promedio": 4.9
},
{
  "_id": "res009",
  "nombre": "Tacos de Oro",
  "direccion": "León",
  "categoria": "Comida mexicana",
  "geolocalizacion": {
    "lat": 21.12,
    "lng": -101.68
  },
  "calificacion_promedio": 4.5
},
{
  "_id": "res010",
  "nombre": "Panadería Arte",
  "direccion": "San Luis Potosí",
  "categoria": "Panadería",
  "geolocalizacion": {
    "lat": 22.15,
    "lng": -100.98
  },
  "calificacion_promedio": 4
},
{
  "_id": "res011",
  "nombre": "El Fogón Criollo",
  "direccion": "Mérida",
  "categoria": "Yucateca",
  "geolocalizacion": {
    "lat": 20.97,
    "lng": -89.62
  },
  "calificacion_promedio": 4.3
},
{
  "_id": "res012",
  "nombre": "India Masala",
  "direccion": "CDMX",
  "categoria": "Hindú",
  "geolocalizacion": {
    "lat": 19.41,
    "lng": -99.15
  },
  "calificacion_promedio": 4.6
},
{
  "_id": "res013",
  "nombre": "Baguette House",
  "direccion": "Toluca",
  "categoria": "Francesa",
  "geolocalizacion": {
    "lat": 19.29,
    "lng": -99.66
  },
  "calificacion_promedio": 4.1
},
{
  "_id": "res014",
  "nombre": "La Terraza",
  "direccion": "Aguascalientes",
  "categoria": "Internacional",
  "geolocalizacion": {
    "lat": 21.88,
    "lng": -102.29
  },
  "calificacion_promedio": 4.5
},
{
  "_id": "res015",
  "nombre": "Chilakillers",
  "direccion": "Metepec",
  "categoria": "Desayunos",
  "geolocalizacion": {
    "lat": 19.25,
    "lng": -99.59
  },
  "calificacion_promedio": 4.7
}]