[{
  "_id": "rev001",
  "id_usuario": "usr001",
  "id_restaurante": "res001",
  "comentario": "Muy buen sazón.",
  "calificacion": 5,
  "fecha": "2025-06-01"
},
{
  "_id": "rev002",
  "id_usuario": "usr002",
  "id_restaurante": "res003",
  "comentario": "La mejor pizza que he probado.",
  "calificacion": 5,
  "fecha": "2025-06-02"
},
{
  "_id": "rev003",
  "id_usuario": "usr003",
  "id_restaurante": "res002",
  "comentario": "Fresco pero algo caro.",
  "calificacion": 4,
  "fecha": "2025-06-03"
},
{
  "_id": "rev004",
  "id_usuario": "usr004",
  "id_restaurante": "res005",
  "comentario": "Buena relación calidad-precio.",
  "calificacion": 4,
  "fecha": "2025-06-04"
},
{
  "_id": "rev005",
  "id_usuario": "usr005",
  "id_restaurante": "res004",
  "comentario": "Excelente opción vegana.",
  "calificacion": 5,
  "fecha": "2025-06-05"
},
{
  "_id": "rev006",
  "id_usuario": "usr006",
  "id_restaurante": "res001",
  "comentario": "Servicio rápido y buena comida.",
  "calificacion": 5,
  "fecha": "2025-06-06"
},
{
  "_id": "rev007",
  "id_usuario": "usr007",
  "id_restaurante": "res006",
  "comentario": "Mariscos frescos, vista al mar.",
  "calificacion": 5,
  "fecha": "2025-06-07"
},
{
  "_id": "rev008",
  "id_usuario": "usr008",
  "id_restaurante": "res007",
  "comentario": "Ambiente familiar y sabroso.",
  "calificacion": 4,
  "fecha": "2025-06-08"
},
{
  "_id": "rev009",
  "id_usuario": "usr009",
  "id_restaurante": "res008",
  "comentario": "Ideal para leer y tomar café.",
  "calificacion": 5,
  "fecha": "2025-06-09"
},
{
  "_id": "rev010",
  "id_usuario": "usr010",
  "id_restaurante": "res009",
  "comentario": "Tacos al pastor increíbles.",
  "calificacion": 5,
  "fecha": "2025-06-10"
},
{
  "_id": "rev011",
  "id_usuario": "usr011",
  "id_restaurante": "res010",
  "comentario": "Pan fresco, ambiente tranquilo.",
  "calificacion": 4,
  "fecha": "2025-06-11"
},
{
  "_id": "rev012",
  "id_usuario": "usr012",
  "id_restaurante": "res011",
  "comentario": "Sabor auténtico yucateco.",
  "calificacion": 5,
  "fecha": "2025-06-12"
},
{
  "_id": "rev013",
  "id_usuario": "usr013",
  "id_restaurante": "res012",
  "comentario": "Picante pero delicioso.",
  "calificacion": 4,
  "fecha": "2025-06-13"
},
{
  "_id": "rev014",
  "id_usuario": "usr014",
  "id_restaurante": "res013",
  "comentario": "Excelente baguette artesanal.",
  "calificacion": 5,
  "fecha": "2025-06-14"
},
{
  "_id": "rev015",
  "id_usuario": "usr015",
  "id_restaurante": "res015",
  "comentario": "Los mejores chilaquiles del país.",
  "calificacion": 5,
  "fecha": "2025-06-15"
}]