[{
  "_id": "usr001",
  "nombre": "Andrea López",
  "correo": "andrea@email.com",
  "fecha_registro": "2024-10-01",
  "favoritos": [
    "res001",
    "res002"
  ]
},
{
  "_id": "usr002",
  "nombre": "Carlos Méndez",
  "correo": "carlos@email.com",
  "fecha_registro": "2024-11-15",
  "favoritos": [
    "res003"
  ]
},
{
  "_id": "usr003",
  "nombre": "Lucía Ortega",
  "correo": "lucia@email.com",
  "fecha_registro": "2024-12-01",
  "favoritos": []
},
{
  "_id": "usr004",
  "nombre": "Pedro Ramos",
  "correo": "pedro@email.com",
  "fecha_registro": "2025-01-10",
  "favoritos": [
    "res005"
  ]
},
{
  "_id": "usr005",
  "nombre": "Ana Pérez",
  "correo": "ana@email.com",
  "fecha_registro": "2025-01-20",
  "favoritos": []
},
{
  "_id": "usr006",
  "nombre": "Diego Sánchez",
  "correo": "diego@email.com",
  "fecha_registro": "2025-02-05",
  "favoritos": [
    "res001",
    "res004"
  ]
},
{
  "_id": "usr007",
  "nombre": "Mariana Gil",
  "correo": "mariana@email.com",
  "fecha_registro": "2025-02-15",
  "favoritos": [
    "res002"
  ]
},
{
  "_id": "usr008",
  "nombre": "José Martínez",
  "correo": "jose@email.com",
  "fecha_registro": "2025-03-01",
  "favoritos": []
},
{
  "_id": "usr009",
  "nombre": "Laura Chávez",
  "correo": "laura@email.com",
  "fecha_registro": "2025-03-10",
  "favoritos": [
    "res003"
  ]
},
{
  "_id": "usr010",
  "nombre": "Héctor Morales",
  "correo": "hector@email.com",
  "fecha_registro": "2025-03-20",
  "favoritos": []
},
{
  "_id": "usr011",
  "nombre": "Claudia Torres",
  "correo": "claudia@email.com",
  "fecha_registro": "2025-04-01",
  "favoritos": [
    "res002",
    "res005"
  ]
},
{
  "_id": "usr012",
  "nombre": "Fernando Díaz",
  "correo": "fernando@email.com",
  "fecha_registro": "2025-04-10",
  "favoritos": []
},
{
  "_id": "usr013",
  "nombre": "Valeria Luna",
  "correo": "valeria@email.com",
  "fecha_registro": "2025-04-15",
  "favoritos": [
    "res004"
  ]
},
{
  "_id": "usr014",
  "nombre": "Esteban Ruiz",
  "correo": "esteban@email.com",
  "fecha_registro": "2025-04-25",
  "favoritos": []
},
{
  "_id": "usr015",
  "nombre": "Patricia Silva",
  "correo": "patricia@email.com",
  "fecha_registro": "2025-05-01",
  "favoritos": [
    "res001",
    "res003"
  ]
}]